<application>
  <component name="BlockTerminalUsage">
    <option name="blockTerminalUsedLastTimeMillis" value="1740615933064" />
    <option name="blockTerminalUsedLastVersion" value="243.24978.55" />
    <shellToExecutedCommandsNumber>
      <entry key="powershell" value="6" />
    </shellToExecutedCommandsNumber>
  </component>
  <component name="ReworkedTerminalUsage"><![CDATA[{
  "feedbackNotificationShown": true,
  "enterKeyPressedTimes": 264
}]]></component>
  <component name="TerminalOptionsProvider">
    <option name="cursorShape" value="VERTICAL" />
    <option name="myShellPath" value="C:\Program Files\PowerShell\7\pwsh.exe" />
  </component>
</application>