<application>
  <component name="DimensionService">
    <location key="find.popup.0.0.1920.1080" x="0" y="0" />
    <size key="GridCell.Tab.0.left.0.0.1920.1080" width="1920" height="281" />
    <size key="GridCell.Tab.0.center.0.0.1920.1080" width="1920" height="281" />
    <size key="GridCell.Tab.0.right.0.0.1920.1080" width="1920" height="281" />
    <size key="GridCell.Tab.0.bottom.0.0.1920.1080" width="1920" height="281" />
    <size key="find.popup.0.0.1920.1080" width="825" height="1110" />
    <size key="GridCell.Tab.1.left.0.0.1920.1080" width="1920" height="281" />
    <size key="GridCell.Tab.1.center.0.0.1920.1080" width="1920" height="281" />
    <size key="GridCell.Tab.1.right.0.0.1920.1080" width="1920" height="281" />
    <size key="GridCell.Tab.1.bottom.0.0.1920.1080" width="1920" height="281" />
    <size key="GridCell.Tab.2.left.0.0.1920.1080" width="1876" height="281" />
    <size key="GridCell.Tab.2.center.0.0.1920.1080" width="1876" height="281" />
    <size key="GridCell.Tab.2.right.0.0.1920.1080" width="1876" height="281" />
    <size key="GridCell.Tab.2.bottom.0.0.1920.1080" width="1876" height="281" />
    <size key="GridCell.Tab.3.left.0.0.1920.1080" width="1876" height="281" />
    <size key="GridCell.Tab.3.center.0.0.1920.1080" width="1876" height="281" />
    <size key="GridCell.Tab.3.right.0.0.1920.1080" width="1876" height="281" />
    <size key="GridCell.Tab.3.bottom.0.0.1920.1080" width="1876" height="281" />
    <size key="GridCell.Tab.-1.left.0.0.1920.1080" width="1920" height="281" />
    <size key="GridCell.Tab.-1.center.0.0.1920.1080" width="1920" height="281" />
    <size key="GridCell.Tab.-1.right.0.0.1920.1080" width="1920" height="281" />
    <size key="GridCell.Tab.-1.bottom.0.0.1920.1080" width="1920" height="281" />
  </component>
  <component name="WindowManager">
    <frame x="22" y="69" width="1920" height="1080" extendedState="6" />
  </component>
  <component name="WindowStateApplicationService">
    <state width="680" height="141" key="ShowUsagesActions.dimensionServiceKey" timestamp="1761806432701">
      <screen x="0" y="0" width="1920" height="1080" />
    </state>
    <state width="680" height="141" key="ShowUsagesActions.dimensionServiceKey/0.0.1920.1080" timestamp="1761806432701" />
    <state x="960" y="524" width="1876" height="989" key="WELCOME_SCREEN" timestamp="1761849416067">
      <screen x="0" y="0" width="1920" height="1080" />
    </state>
    <state x="960" y="524" width="1876" height="989" key="WELCOME_SCREEN/0.0.1920.1080" timestamp="1761849416067" />
  </component>
</application>