<keymap version="1" name="Windows copy 1" parent="$default">
  <action id="ChangesView.ToggleCommitUi" />
  <action id="CheckinProject" />
  <action id="DeleteTagAction">
    <keyboard-shortcut first-keystroke="ctrl k" />
  </action>
  <action id="Git.Commit.Stage" />
  <action id="UpdateRunningApplication" />
  <action id="android.deploy.ApplyChanges">
    <keyboard-shortcut first-keystroke="ctrl f10" />
  </action>
  <action id="android.deploy.CodeSwap">
    <keyboard-shortcut first-keystroke="ctrl alt f10" />
  </action>
</keymap>