<keymap version="1" name="XWin copy" parent="Default for XWin">
  <action id="$Delete">
    <keyboard-shortcut first-keystroke="delete" />
    <keyboard-shortcut first-keystroke="back_space" />
  </action>
  <action id="ActivateVersionControlToolWindow">
    <keyboard-shortcut first-keystroke="alt tab" second-keystroke="h" />
  </action>
  <action id="AddConditionalBreakpoint">
    <keyboard-shortcut first-keystroke="ctrl space" second-keystroke="ctrl b" />
  </action>
  <action id="AutoIndentLines" />
  <action id="CallHierarchy" />
  <action id="ChangeSignature">
    <keyboard-shortcut first-keystroke="ctrl alt i" />
  </action>
  <action id="ChangesView.Move" />
  <action id="ChangesView.SetDefault" />
  <action id="ChangesView.UnshelveSilently" />
  <action id="CheckinProject">
    <keyboard-shortcut first-keystroke="alt tab" second-keystroke="c" />
  </action>
  <action id="ChooseRunConfiguration" />
  <action id="CodeCompletion" />
  <action id="CollapsiblePanel-toggle" />
  <action id="Compare.SameVersion" />
  <action id="CompareTwoFiles" />
  <action id="Console.TableResult.CloneRow" />
  <action id="Console.TableResult.ColumnVisibility" />
  <action id="Console.TableResult.SetDefault" />
  <action id="ContextRun">
    <keyboard-shortcut first-keystroke="shift alt f10" />
  </action>
  <action id="Debug">
    <keyboard-shortcut first-keystroke="ctrl space" second-keystroke="d" />
  </action>
  <action id="Debugger.AddToWatch">
    <keyboard-shortcut first-keystroke="ctrl space" second-keystroke="w" />
  </action>
  <action id="Debugger.RemoveAllBreakpoints">
    <keyboard-shortcut first-keystroke="ctrl space" second-keystroke="r" />
  </action>
  <action id="Diff.ApplyLeftSide" />
  <action id="Diff.ShowDiff" />
  <action id="Editor Delete">
    <keyboard-shortcut first-keystroke="back_space" />
  </action>
  <action id="EditorContextInfo" />
  <action id="EditorDecreaseFontSizeGlobal" />
  <action id="EditorDelete">
    <keyboard-shortcut first-keystroke="delete" />
    <keyboard-shortcut first-keystroke="back_space" />
  </action>
  <action id="EditorDown">
    <keyboard-shortcut first-keystroke="down" />
    <keyboard-shortcut first-keystroke="alt j" />
  </action>
  <action id="EditorDuplicate" />
  <action id="EditorEnter">
    <keyboard-shortcut first-keystroke="enter" />
  </action>
  <action id="EditorEscape">
    <keyboard-shortcut first-keystroke="escape" />
  </action>
  <action id="EditorLeft">
    <keyboard-shortcut first-keystroke="left" />
    <keyboard-shortcut first-keystroke="alt h" />
  </action>
  <action id="EditorRight">
    <keyboard-shortcut first-keystroke="right" />
    <keyboard-shortcut first-keystroke="alt l" />
  </action>
  <action id="EditorUp">
    <keyboard-shortcut first-keystroke="up" />
    <keyboard-shortcut first-keystroke="alt k" />
  </action>
  <action id="EvaluateExpression">
    <keyboard-shortcut first-keystroke="ctrl space" second-keystroke="e" />
  </action>
  <action id="ExternalJavaDoc">
    <keyboard-shortcut first-keystroke="shift f1" />
    <keyboard-shortcut first-keystroke="back_quote" />
  </action>
  <action id="FileChooser.GotoDesktop" />
  <action id="FileStructurePopup">
    <keyboard-shortcut first-keystroke="shift alt s" />
  </action>
  <action id="FindInPath">
    <keyboard-shortcut first-keystroke="shift alt f" />
  </action>
  <action id="Frontend.ChangesView.ShowDiff" />
  <action id="Frontend.ChangesView.UnshelveSilently" />
  <action id="Git.Branches">
    <keyboard-shortcut first-keystroke="alt tab" second-keystroke="b" />
  </action>
  <action id="GitPushBranchAction">
    <keyboard-shortcut first-keystroke="alt tab" second-keystroke="p" />
  </action>
  <action id="GotoClass">
    <keyboard-shortcut first-keystroke="shift alt n" />
  </action>
  <action id="GotoDeclaration">
    <keyboard-shortcut first-keystroke="shift alt d" />
  </action>
  <action id="GotoFile">
    <keyboard-shortcut first-keystroke="shift alt m" />
  </action>
  <action id="GotoNextError">
    <keyboard-shortcut first-keystroke="f2" />
    <keyboard-shortcut first-keystroke="alt w" />
  </action>
  <action id="GotoSymbol">
    <keyboard-shortcut first-keystroke="shift alt comma" />
  </action>
  <action id="IntroduceConstant" />
  <action id="LocalHistory">
    <keyboard-shortcut first-keystroke="ctrl alt h" />
  </action>
  <action id="NewElement">
    <keyboard-shortcut first-keystroke="alt insert" />
    <keyboard-shortcut first-keystroke="shift alt equals" />
  </action>
  <action id="PinActiveEditorTab">
    <keyboard-shortcut first-keystroke="alt p" />
  </action>
  <action id="PinToolwindowTab">
    <keyboard-shortcut first-keystroke="alt p" />
  </action>
  <action id="QuickImplementations">
    <keyboard-shortcut first-keystroke="ctrl d" />
  </action>
  <action id="QuickJavaDoc">
    <keyboard-shortcut first-keystroke="ctrl q" />
  </action>
  <action id="QuickPreview" />
  <action id="RecentChanges" />
  <action id="Refactorings.QuickListPopupAction">
    <keyboard-shortcut first-keystroke="ctrl alt q" />
  </action>
  <action id="RenameElement">
    <keyboard-shortcut first-keystroke="ctrl alt r" />
  </action>
  <action id="ReplaceInPath">
    <keyboard-shortcut first-keystroke="shift alt c" />
  </action>
  <action id="Resume">
    <keyboard-shortcut first-keystroke="ctrl space" second-keystroke="p" />
  </action>
  <action id="RunClass">
    <keyboard-shortcut first-keystroke="shift alt f10" />
  </action>
  <action id="RunDashboard.CopyConfiguration" />
  <action id="RunToCursor">
    <keyboard-shortcut first-keystroke="ctrl space" second-keystroke="c" />
  </action>
  <action id="SearchEverywhere">
    <keyboard-shortcut first-keystroke="alt space" />
  </action>
  <action id="SendEOF" />
  <action id="ShowErrorDescription">
    <keyboard-shortcut first-keystroke="alt e" />
  </action>
  <action id="ShowPopupMenu">
    <keyboard-shortcut first-keystroke="alt q" />
  </action>
  <action id="ShowSettings" />
  <action id="ShowUmlDiagramPopup" />
  <action id="SplitChooser.SplitCenter" />
  <action id="StepInto">
    <keyboard-shortcut first-keystroke="ctrl space" second-keystroke="i" />
  </action>
  <action id="StepIntoMyCode">
    <keyboard-shortcut first-keystroke="ctrl space" second-keystroke="m" />
  </action>
  <action id="StepOver">
    <keyboard-shortcut first-keystroke="ctrl space" second-keystroke="o" />
  </action>
  <action id="Stop">
    <keyboard-shortcut first-keystroke="ctrl space" second-keystroke="s" />
  </action>
  <action id="SurroundWith">
    <keyboard-shortcut first-keystroke="ctrl alt s" />
  </action>
  <action id="Terminal.CloseSession" />
  <action id="TodoViewGroupByFlattenPackage" />
  <action id="ToggleBookmark" />
  <action id="ToggleLineBreakpoint">
    <keyboard-shortcut first-keystroke="ctrl f8" />
    <keyboard-shortcut first-keystroke="ctrl space" second-keystroke="b" />
  </action>
  <action id="ToggleRenderedDocPresentation" />
  <action id="Unwrap">
    <keyboard-shortcut first-keystroke="ctrl alt u" />
  </action>
  <action id="UpdateRunningApplication" />
  <action id="UsageGrouping.DirectoryStructure" />
  <action id="UsageView.Exclude">
    <keyboard-shortcut first-keystroke="delete" />
    <keyboard-shortcut first-keystroke="back_space" />
  </action>
  <action id="Vcs.MoveChangedLinesToChangelist" />
  <action id="Vcs.Push">
    <keyboard-shortcut first-keystroke="alt tab" second-keystroke="p" />
  </action>
  <action id="Vcs.QuickListPopupAction" />
  <action id="Vcs.Shelf.Drop">
    <keyboard-shortcut first-keystroke="delete" />
    <keyboard-shortcut first-keystroke="back_space" />
  </action>
  <action id="Vcs.UpdateProject">
    <keyboard-shortcut first-keystroke="alt tab" second-keystroke="u" />
  </action>
  <action id="XDebugger.CopyWatch" />
  <action id="XDebugger.MuteBreakpoints">
    <keyboard-shortcut first-keystroke="ctrl space" second-keystroke="f" />
  </action>
  <action id="android.deploy.ApplyChanges">
    <keyboard-shortcut first-keystroke="ctrl f10" />
  </action>
  <action id="android.deploy.CodeSwap">
    <keyboard-shortcut first-keystroke="ctrl alt f10" />
  </action>
  <action id="android.streaming.xr.view.direction" />
  <action id="context.save" />
  <action id="editRunConfigurations">
    <keyboard-shortcut first-keystroke="ctrl alt c" />
  </action>
  <action id="hg4idea.QFold" />
  <action id="openAssertEqualsDiff" />
  <action id="tasks.goto" />
</keymap>