<application>
  <component name="com.intellij.ide.ui.customization.CustomActionsSchema">
    <group value="MainToolbarVCSGroup" is_group="true" forse_popup="false" action_type="-1" position="1">
      <path value="root" />
      <path value="Main Toolbar" />
      <path value="Left" />
    </group>
    <group value="main.toolbar.Project" is_action="true" action_type="-1" position="0">
      <path value="root" />
      <path value="Main Toolbar" />
      <path value="Left" />
    </group>
    <group value="TopStripeActionGroup" is_group="true" forse_popup="false" action_type="1" position="0">
      <path value="root" />
      <path value="Main Toolbar" />
      <path value="Center" />
    </group>
    <action id="VcsGlobalGroup" icon="jar:file:/home/aki/.local/share/JetBrains/IntelliJIdea2025.1/Atom%20Material%20Icons/lib/common.jar!/outline/question.svg" />
  </component>
</application>