<application>
  <component name="FileTypeManager" version="19">
    <ignoreFiles list="*$py.class;*.pyc;*.pyo;*.rbc;*.yarb;*~;.DS_Store;.git;.hg;.mypy_cache;.pytest_cache;.ruff_cache;.svn;CVS;__pycache__;_svn;vssver.scc;vssver2.scc" />
    <extensionMap>
      <mapping ext="pcap" type="Native" />
      <removed_mapping ext="apk" approved="true" type="ARCHIVE" />
      <removed_mapping ext="csv" approved="true" type="CSV/TSV" />
      <removed_mapping ext="psd" approved="true" type="Image" />
      <removed_mapping pattern=".springBeans" approved="true" type="Eclipse" />
      <removed_mapping pattern="spring.handlers" approved="true" type="Properties" />
      <removed_mapping pattern="spring.schemas" approved="true" type="Properties" />
    </extensionMap>
  </component>
</application>