<application>
  <component name="Registry">
    <entry key="moved.to.new.ui" value="true" source="SYSTEM" />
    <entry key="ide.experimental.ui" value="true" source="SYSTEM" />
    <entry key="cache.folding.model.on.disk" value="false" source="SYSTEM" />
    <entry key="clang.parameter.info" value="true" source="SYSTEM" />
    <entry key="ide.balloon.shadow.size" value="0" source="SYSTEM" />
    <entry key="ide.editor.tab.selection.animation" value="true" source="SYSTEM" />
    <entry key="ide.new.editor.tabs.vertical.borders" value="true" source="SYSTEM" />
    <entry key="idea.islands.color.gradient.enabled" value="true" source="SYSTEM" />
    <entry key="ide.colorful.toolbar.gradient.radius" value="600" source="SYSTEM" />
  </component>
  <component name="StatusBar">
    <option name="widgets">
      <map>
        <entry key="webDeployment.default.server.widget" value="false" />
      </map>
    </option>
  </component>
</application>