<application>
  <component name="ProjectJdkTable">
    <jdk version="2">
      <name value="Python 3.13 (PyCharmLearningProject)" />
      <type value="Python SDK" />
      <version value="Python 3.13.7" />
      <homePath value="$USER_HOME$/.cache/JetBrains/IntelliJIdea2025.2/demo/PyCharmLearningProject/.venv/bin/python" />
      <roots>
        <classPath>
          <root type="composite">
            <root url="file:///usr/lib/python3.13" type="simple" />
            <root url="file:///usr/lib/python3.13/lib-dynload" type="simple" />
            <root url="file://$USER_HOME$/.cache/JetBrains/IntelliJIdea2025.2/demo/PyCharmLearningProject/.venv/lib/python3.13/site-packages" type="simple" />
            <root url="file://$USER_HOME$/.cache/JetBrains/IntelliJIdea2025.2/python_stubs/-1481129187" type="simple" />
            <root url="file://$APPLICATION_PLUGINS_DIR$/python-ce/helpers/typeshed/stdlib" type="simple" />
          </root>
        </classPath>
        <sourcePath>
          <root type="composite" />
        </sourcePath>
      </roots>
      <additional ASSOCIATED_PROJECT_PATH="$USER_HOME$/.cache/JetBrains/IntelliJIdea2025.2/demo/PyCharmLearningProject" SDK_UUID="593c71b4-c717-4d5c-8dbb-a854777ec947">
        <setting name="FLAVOR_ID" value="VirtualEnvSdkFlavor" />
        <setting name="FLAVOR_DATA" value="{}" />
      </additional>
    </jdk>
  </component>
</application>