<application>
  <component name="ProjectManager">
    <defaultProject>
      <component name="MaterialThemeProjectNewConfig">
        <option name="metadata">
          <MTProjectMetadataState>
            <option name="migrated" value="true" />
            <option name="pristineConfig" value="false" />
            <option name="userId" value="-1d3762a4:19a33ab7e2b:-7ffe" />
          </MTProjectMetadataState>
        </option>
        <option name="titleBarState">
          <MTProjectTitleBarConfigState>
            <option name="overrideColor" value="false" />
          </MTProjectTitleBarConfigState>
        </option>
      </component>
      <component name="PropertiesComponent">{
  &quot;keyToString&quot;: {
    &quot;settings.editor.selected.configurable&quot;: &quot;settings.sync&quot;
  }
}</component>
      <component name="TaskManager">
        <task active="true" id="Default" summary="Default task">
          <created>1761802064129</created>
          <option name="number" value="Default" />
          <option name="presentableId" value="Default" />
          <updated>1761802064129</updated>
        </task>
        <servers />
      </component>
      <component name="WindowStateProjectService">
        <state x="469" y="213" key="SettingsEditor" timestamp="1761802179886">
          <screen x="0" y="0" width="1920" height="1080" />
        </state>
        <state x="469" y="213" key="SettingsEditor/0.0.1920.1080" timestamp="1761802179886" />
      </component>
    </defaultProject>
  </component>
</application>