<application>
  <component name="Trusted.Paths">
    <option name="TRUSTED_PROJECT_PATHS">
      <map>
        <entry key="$USER_HOME$/.cache/JetBrains/IntelliJIdea2025.2/demo/IdeaLearningProject" value="true" />
        <entry key="$USER_HOME$/.cache/JetBrains/IntelliJIdea2025.2/demo/PyCharmLearningProject" value="true" />
        <entry key="$USER_HOME$/CLionProjects/Test" value="true" />
        <entry key="$USER_HOME$/CLionProjects/asio-packet-headers" value="true" />
        <entry key="$USER_HOME$/IdeaProjects/Web_Dev" value="true" />
      </map>
    </option>
  </component>
</application>