<application>
  <component name="ProjectViewFileNesting">
    <nesting-rules />
  </component>
  <component name="UISettings">
    <option name="EDITOR_TAB_PLACEMENT" value="0" />
    <option name="FULL_PATHS_IN_TITLE_BAR" value="true" />
    <option name="HIDE_TOOL_STRIPES" value="true" />
    <option name="LEFT_HORIZONTAL_SPLIT" value="true" />
    <option name="SHOW_MAIN_MENU_MODE" value="SEPARATE_TOOLBAR" />
    <option name="MAX_LOOKUP_WIDTH2" value="1000" />
    <option name="NAVIGATION_BAR_LOCATION" value="TOP" />
    <option name="SHOW_ICONS_IN_MENUS" value="false" />
    <option name="SHOW_NEW_MAIN_TOOLBAR" value="false" />
  </component>
</application>